County	School District	Level Up	OSTCP Eligible	School District	Last Updated	Website	Number of Students	# of students in Special Ed	District Population	# of Elementary Schools	# Of Teachers	Number of Staff	% White Teachers	% White Students	% White Special Ed	% Black Students	% Black Special Ed	% Hispanic Students	% Hispanic Special Ed	% Asian Students	% Asian Special Ed	% Multiracial students	% Multiracial students in special Ed	Yearly Budgeted Expenses	Special Ed Budget	Special Ed Staff	Underfundedness per POWER Interfait			PA % Proficient in Math	PA % Proficient in Reading
Adams	Bermudian Springs	N	N	Bermudian Springs School District																											
Adams	Conewago Valley	N	N	Conewago Valley School District																											
Adams	Fairfield Area	N	N	Fairfield Area School District																											
Adams	Gettysburg Area	N	N	Gettysburg Area School District																											
Adams	Gettysburg Montessori Charter School	N	N	Gettysburg Montessori Charter School																											
Adams	Littlestown Area	N	N	Littlestown Area School District																											
Adams	Upper Adams	N	N	Upper Adams School District																											
Adams	Vida Charter School	N	N	Vida Charter School																											
Allegheny	A W Beattie Career Center	N	N	A W Beattie Career Center		https://penndata.hbg.psu.edu/Public-Reporting/Data-at-a-Glance																									
Allegheny	Academy Cs	N	N	Academy Cs																											
Allegheny	Allegheny Valley	N	N	Allegheny Valley School District																											
Allegheny	Avonworth	N	N	Avonworth School District																											
Allegheny	Baldwin-Whitehall	N	N	Baldwin-Whitehall School District																											
Allegheny	Bethel Park	N	N	Bethel Park School District																											
Allegheny	Brentwood Borough	N	N	Brentwood Borough School District																											
Allegheny	Carlynton	N	N	Carlynton School District																											
Allegheny	Chartiers Valley	N	N	Chartiers Valley School District																											
Allegheny	City Chs	N	N	City Chs																											
Allegheny	Clairton City	Y	Y	Clairton City School District																											
Allegheny	Cornell	N	Y	Cornell School District																											
Allegheny	Deer Lakes	N	N	Deer Lakes School District																											
Allegheny	Duquesne City	Y	Y	Duquesne City School District																											
Allegheny	East Allegheny	Y	Y	East Allegheny School District																											
Allegheny	Elizabeth Forward	N	N	Elizabeth Forward School District																											
Allegheny	Environmental Charter School At Frick Park	N	N	Environmental Charter School At Frick Park																											
Allegheny	Forbes Road Career And Technical Center	N	N	Forbes Road Career And Technical Center																											
Allegheny	Fox Chapel Area	N	N	Fox Chapel Area School District																											
Allegheny	Gateway	N	N	Gateway School District																											
Allegheny	Hampton Township	N	N	Hampton Township School District																											
Allegheny	Highlands	N	N	Highlands School District																											
Allegheny	Hill House Passport Academy Charter School	N	N	Hill House Passport Academy Charter School																											
Allegheny	Keystone Oaks	N	N	Keystone Oaks School District																											
Allegheny	Manchester Academic Cs	N	N	Manchester Academic Cs																											
Allegheny	Mckeesport Area	Y	Y	Mckeesport Area School District																											
Allegheny	Mckeesport Area Technical Ctr	N	N	Mckeesport Area Technical Ctr																											
Allegheny	Montour	N	N	Montour School District																											
Allegheny	Moon Area	N	N	Moon Area School District																											
Allegheny	Mt Lebanon	N	N	Mt Lebanon School District																											
Allegheny	North Allegheny	N	N	North Allegheny School District																											
Allegheny	North Hills	N	N	North Hills School District																											
Allegheny	Northgate	N	N	Northgate School District																											
Allegheny	Parkway West Career And Technical Center	N	N	Parkway West Career And Technical Center																											
Allegheny	Penn Hills	N	Y	Penn Hills School District																											
Allegheny	Penn Hills Charter School For Entrepreneurship	N	N	Penn Hills Charter School For Entrepreneurship																											
Allegheny	Pennsylvania Distance Learning Cs	N	N	Pennsylvania Distance Learning Cs																											
Allegheny	Pine-Richland	N	N	Pine-Richland School District																											
Allegheny	Pittsburgh	N	Y	Pittsburgh School District																											
Allegheny	Plum Borough	N	N	Plum Borough School District																											
Allegheny	Propel Charter School - Hazelwood	N	N	Propel Charter School - Hazelwood																											
Allegheny	Propel Cs-Braddock Hills	N	N	Propel Cs-Braddock Hills																											
Allegheny	Propel Cs-East	N	N	Propel Cs-East																											
Allegheny	Propel Cs-Homestead	N	N	Propel Cs-Homestead																											
Allegheny	Propel Cs-Mckeesport	N	N	Propel Cs-Mckeesport																											
Allegheny	Propel Cs-Montour	N	N	Propel Cs-Montour																											
Allegheny	Propel Cs-Northside	N	N	Propel Cs-Northside																											
Allegheny	Propel Cs-Pitcairn	N	N	Propel Cs-Pitcairn																											
Allegheny	Provident Cs	N	N	Provident Cs																											
Allegheny	Quaker Valley	N	N	Quaker Valley School District																											
Allegheny	Riverview	N	N	Riverview School District																											
Allegheny	Shaler Area	N	N	Shaler Area School District																											
Allegheny	South Allegheny	Y	N	South Allegheny School District																											
Allegheny	South Fayette Township	N	N	South Fayette Township School District																											
Allegheny	South Park	N	N	South Park School District																											
Allegheny	Spectrum Cs	N	N	Spectrum Cs																											
Allegheny	Steel Center for Career and Technical Education	N	N	Steel Center for Career and Technical Education																											
Allegheny	Steel Valley	Y	N	Steel Valley School District																											
Allegheny	Sto-Rox	Y	Y	Sto-Rox School District																											
Allegheny	Upper Saint Clair	N	N	Upper Saint Clair School District																											
Allegheny	Urban League Of Greater Pittsburgh Cs	N	N	Urban League Of Greater Pittsburgh Cs																											
Allegheny	Urban Pathways 6-12 Cs	N	N	Urban Pathways 6-12 Cs																											
Allegheny	Urban Pathways K-5 College Charter School	N	N	Urban Pathways K-5 College Charter School																											
Allegheny	West Allegheny	N	N	West Allegheny School District																											
Allegheny	West Jefferson Hills	N	N	West Jefferson Hills School District																											
Allegheny	West Mifflin Area	N	N	West Mifflin Area School District																											
Allegheny	Westinghouse Arts Academy Charter School	N	N	Westinghouse Arts Academy Charter School																											
Allegheny	Wilkinsburg Borough	Y	N	Wilkinsburg Borough School District																											
Allegheny	Woodland Hills	Y	Y	Woodland Hills School District																											
Allegheny	Young Scholars of McKeesport Charter School	N	N	Young Scholars of McKeesport Charter School																											
Allegheny	Young Scholars Of Western Pennsylvania Cs	N	N	Young Scholars Of Western Pennsylvania Cs																											
Armstrong	Apollo-Ridge	N	N	Apollo-Ridge School District																											
Armstrong	Armstrong	N	N	Armstrong School District																											
Armstrong	Leechburg Area	N	N	Leechburg Area School District																											
Armstrong	Lenape Technical	N	N	Lenape Technical																											
Beaver	Aliquippa	Y	Y	Aliquippa School District																											
Beaver	Ambridge Area	N	Y	Ambridge Area School District																											
Beaver	Baden Academy Cs	N	N	Baden Academy Cs																											
Beaver	Beaver Area	N	N	Beaver Area School District																											
Beaver	Beaver Area Academic Cs	N	N	Beaver Area Academic Cs																											
Beaver	Beaver County Career And Technical Center	N	N	Beaver County Career And Technical Center																											
Beaver	Big Beaver Falls Area	Y	N	Big Beaver Falls Area School District																											
Beaver	Blackhawk	N	N	Blackhawk School District																											
Beaver	Central Valley	N	N	Central Valley School District																											
Beaver	Freedom Area	Y	N	Freedom Area School District																											
Beaver	Hopewell Area	N	N	Hopewell Area School District																											
Beaver	Lincoln Park Performing Arts Cs	N	N	Lincoln Park Performing Arts Cs																											
Beaver	Midland Borough	Y	N	Midland Borough School District																											
Beaver	New Brighton Area	Y	N	New Brighton Area School District																											
Beaver	Pennsylvania Cyber Cs	N	N	Pennsylvania Cyber Cs																											
Beaver	Riverside Beaver County	N	N	Riverside Beaver County School District																											
Beaver	Rochester Area	Y	Y	Rochester Area School District																											
Beaver	South Side Area	N	N	South Side Area School District																											
Beaver	Western Beaver County	N	N	Western Beaver County School District																											
Bedford	Bedford Area	N	N	Bedford Area School District																											
Bedford	Bedford County Technical Center	N	N	Bedford County Technical Center																											
Bedford	Chestnut Ridge	N	N	Chestnut Ridge School District																											
Bedford	Everett Area	Y	N	Everett Area School District																											
Bedford	Hope For Hyndman Cs	N	N	Hope For Hyndman Cs																											
Bedford	Northern Bedford County	N	N	Northern Bedford County School District																											
Bedford	Tussey Mountain	N	N	Tussey Mountain School District																											
Berks	Antietam	Y	Y	Antietam School District																											
Berks	Berks Career And Technical Center	N	N	Berks Career And Technical Center																											
Berks	Boyertown Area	N	N	Boyertown Area School District																											
Berks	Brandywine Heights Area	N	N	Brandywine Heights Area School District																											
Berks	Conrad Weiser Area	N	N	Conrad Weiser Area School District																											
Berks	Daniel Boone Area	N	N	Daniel Boone Area School District																											
Berks	Exeter Township	N	N	Exeter Township School District																											
Berks	Fleetwood Area	N	N	Fleetwood Area School District																											
Berks	Governor Mifflin	N	N	Governor Mifflin School District																											
Berks	Hamburg Area	N	N	Hamburg Area School District																											
Berks	Kutztown Area	N	N	Kutztown Area School District																											
Berks	Muhlenberg	N	Y	Muhlenberg School District																											
Berks	Oley Valley	N	N	Oley Valley School District																											
Berks	Reading	Y	Y	Reading School District																											
Berks	Reading Muhlenberg Career And Technical Center	N	N	Reading Muhlenberg Career And Technical Center																											
Berks	Schuylkill Valley	N	N	Schuylkill Valley School District																											
Berks	Tulpehocken Area	N	N	Tulpehocken Area School District																											
Berks	Twin Valley	N	N	Twin Valley School District																											
Berks	Wilson	N	N	Wilson School District																											
Berks	Wyomissing Area	N	N	Wyomissing Area School District																											
Blair	Altoona Area	Y	Y	Altoona Area School District																											
Blair	Bellwood-Antis	N	N	Bellwood-Antis School District																											
Blair	Central Pa Digital Learning Foundation Cs	N	N	Central Pa Digital Learning Foundation Cs																											
Blair	Claysburg-Kimmel	Y	N	Claysburg-Kimmel School District																											
Blair	Greater Altoona Career And Technical Center	N	N	Greater Altoona Career And Technical Center																											
Blair	Hollidaysburg Area	N	N	Hollidaysburg Area School District																											
Blair	Spring Cove	N	N	Spring Cove School District																											
Blair	Tyrone Area	N	N	Tyrone Area School District																											
Blair	Williamsburg Community	Y	N	Williamsburg Community School District																											
Bradford	Athens Area	N	N	Athens Area School District																											
Bradford	Canton Area	Y	N	Canton Area School District																											
Bradford	Northeast Bradford	N	N	Northeast Bradford School District																											
Bradford	Northern Tier Career Center	N	N	Northern Tier Career Center																											
Bradford	Sayre Area	N	N	Sayre Area School District																											
Bradford	Towanda Area	N	N	Towanda Area School District																											
Bradford	Troy Area	N	Y	Troy Area School District																											
Bradford	Wyalusing Area	N	N	Wyalusing Area School District																											
Bucks	Bensalem Township	N	Y	Bensalem Township School District																											
Bucks	Bristol Borough	Y	Y	Bristol Borough School District																											
Bucks	Bristol Township	N	N	Bristol Township School District																											
Bucks	Bucks County Montessori Cs	N	N	Bucks County Montessori Cs																											
Bucks	Bucks County Technical High School	N	N	Bucks County Technical High School																											
Bucks	Centennial	N	N	Centennial School District																											
Bucks	Center For Student Learning Cs At Pennsbury	N	N	Center For Student Learning Cs At Pennsbury																											
Bucks	Central Bucks	N	N	Central Bucks School District																											
Bucks	Council Rock	N	N	Council Rock School District																											
Bucks	Middle Bucks Institute Of Technology	N	N	Middle Bucks Institute Of Technology School District																											
Bucks	Morrisville Borough	N	Y	Morrisville Borough School District																											
Bucks	Neshaminy	N	N	Neshaminy School District																											
Bucks	New Hope-Solebury	N	N	New Hope-Solebury School District																											
Bucks	Palisades	N	N	Palisades School District																											
Bucks	Pennridge	N	N	Pennridge School District																											
Bucks	Pennsbury	N	N	Pennsbury School District																											
Bucks	Quakertown Community	N	N	Quakertown Community School District																											
Bucks	School Lane Cs	N	N	School Lane Cs																											
Bucks	Upper Bucks County Technical	N	N	Upper Bucks County Technical School District																											
Butler	Butler Area	N	N	Butler Area School District																											
Butler	Butler County Avts	N	N	Butler County Avts School District																											
Butler	Freeport Area	N	N	Freeport Area School District																											
Butler	Karns City Area	N	N	Karns City Area School District																											
Butler	Mars Area	N	N	Mars Area School District																											
Butler	Moniteau	N	N	Moniteau School District																											
Butler	Seneca Valley	N	N	Seneca Valley School District																											
Butler	Slippery Rock Area	N	N	Slippery Rock Area School District																											
Butler	South Butler County	N	N	South Butler County School District																											
Cambria	Admiral Peary Avts	N	N	Admiral Peary Avts School District																											
Cambria	Blacklick Valley	Y	Y	Blacklick Valley School District																											
Cambria	Cambria Heights	N	N	Cambria Heights School District																											
Cambria	Central Cambria	N	N	Central Cambria School District																											
Cambria	Conemaugh Valley	N	N	Conemaugh Valley School District																											
Cambria	Ferndale Area	Y	N	Ferndale Area School District																											
Cambria	Forest Hills	N	N	Forest Hills School District																											
Cambria	Glendale	Y	N	Glendale School District																											
Cambria	Greater Johnstown	Y	Y	Greater Johnstown School District																											
Cambria	Greater Johnstown Career And Technical Center	N	N	Greater Johnstown Career And Technical Center																											
Cambria	Northern Cambria	N	N	Northern Cambria School District																											
Cambria	Penn Cambria	Y	N	Penn Cambria School District																											
Cambria	Portage Area	N	N	Portage Area School District																											
Cambria	Richland	N	N	Richland School District																											
Cambria	Westmont Hilltop	N	N	Westmont Hilltop School District																											
Cameron	Cameron County	N	N	Cameron County School District																											
Carbon	Carbon Career & Technical Institute	N	N	Carbon Career & Technical Institute School District																											
Carbon	Jim Thorpe Area	N	N	Jim Thorpe Area School District																											
Carbon	Lehighton Area	N	N	Lehighton Area School District																											
Carbon	Palmerton Area	N	N	Palmerton Area School District																											
Carbon	Panther Valley	Y	Y	Panther Valley School District																											
Carbon	Weatherly Area	N	N	Weatherly Area School District																											
Centre	Bald Eagle Area	N	N	Bald Eagle Area School District																											
Centre	Bellefonte Area	N	N	Bellefonte Area School District																											
Centre	Central Pa Institute Of Science & Technology	N	N	Central Pa Institute Of Science & Technology School District																											
Centre	Centre Learning Community Cs	N	N	Centre Learning Community Cs																											
Centre	Nittany Valley Cs	N	N	Nittany Valley Cs																											
Centre	Penns Valley Area	N	N	Penns Valley Area School District																											
Centre	State College Area	N	N	State College Area School District																											
Centre	Wonderland Cs	N	N	Wonderland Cs																											
Centre	Young Scholars Of Central Pa Cs	N	N	Young Scholars Of Central Pa Cs																											
Chester	21st Century Cyber Cs	N	N	21st Century Cyber Cs																											
Chester	Achievement House Cs	N	N	Achievement House Cs																											
Chester	Avon Grove	N	N	Avon Grove School District																											
Chester	Avon Grove Cs	N	N	Avon Grove Cs																											
Chester	Chester County Family Academy Cs	N	N	Chester County Family Academy Cs																											
Chester	Chester County Technical College High School	N	N	Chester County Technical College High School																											
Chester	Coatesville Area	Y	Y	Coatesville Area School District																											
Chester	Collegium Cs	N	N	Collegium Cs																											
Chester	Downingtown Area	N	N	Downingtown Area School District																											
Chester	Education Plus Academy Cyber Cs	N	N	Education Plus Academy Cyber Cs																											
Chester	Great Valley	N	N	Great Valley School District																											
Chester	Insight PA Cyber Charter School	N	N	Insight PA Cyber Charter School																											
Chester	Kennett Consolidated	N	N	Kennett Consolidated School District																											
Chester	Octorara Area	N	N	Octorara Area School District																											
Chester	Owen J Roberts	N	N	Owen J Roberts School District																											
Chester	Oxford Area	Y	N	Oxford Area School District																											
Chester	Pennsylvania Leadership Charter School	N	N	Pennsylvania Leadership Charter School																											
Chester	Phoenixville Area	N	N	Phoenixville Area School District																											
Chester	Renaissance Academy Cs	N	N	Renaissance Academy Cs																											
Chester	Tredyffrin-Easttown	N	N	Tredyffrin-Easttown School District																											
Chester	Unionville-Chadds Ford	N	N	Unionville-Chadds Ford School District																											
Chester	West Chester Area	N	N	West Chester Area School District																											
Clarion	Allegheny-Clarion Valley	N	N	Allegheny-Clarion Valley School District																											
Clarion	Clarion Area	N	N	Clarion Area School District																											
Clarion	Clarion County Career Center	N	N	Clarion County Career Center																											
Clarion	Clarion-Limestone Area	N	N	Clarion-Limestone Area School District																											
Clarion	Keystone	N	N	Keystone School District																											
Clarion	North Clarion County	N	N	North Clarion County School District																											
Clarion	Redbank Valley	Y	N	Redbank Valley School District																											
Clarion	Union	N	N	Union School District																											
Clearfield	Clearfield Area	N	Y	Clearfield Area School District																											
Clearfield	Clearfield County Career And Technical Center	N	N	Clearfield County Career And Technical Center																											
Clearfield	Curwensville Area	N	N	Curwensville Area School District																											
Clearfield	Dubois Area	Y	N	Dubois Area School District																											
Clearfield	Harmony Area	N	N	Harmony Area School District																											
Clearfield	Moshannon Valley	N	N	Moshannon Valley School District																											
Clearfield	Philipsburg-Osceola Area	N	N	Philipsburg-Osceola Area School District																											
Clearfield	West Branch Area	Y	N	West Branch Area School District																											
Clinton	Keystone Central	N	N	Keystone Central School District																											
Clinton	Keystone Central Career And Technical Center	N	N	Keystone Central Career And Technical Center																											
Clinton	Sugar Valley Rural Cs	N	N	Sugar Valley Rural Cs																											
Columbia	Benton Area	N	N	Benton Area School District																											
Columbia	Bloomsburg Area	N	N	Bloomsburg Area School District																											
Columbia	Central Columbia	N	N	Central Columbia School District																											
Columbia	Columbia-Montour Avts	N	N	Columbia-Montour Avts School District																											
Columbia	Millville Area	N	N	Millville Area School District																											
Columbia	Southern Columbia Area	N	N	Southern Columbia Area School District																											
Columbia	Susq-Cyber Cs	N	N	Susq-Cyber Cs																											
Crawford	Conneaut	N	N	Conneaut School District																											
Crawford	Crawford Central	N	N	Crawford Central School District																											
Crawford	Crawford County Career And Technical Center	N	N	Crawford County Career And Technical Center																											
Crawford	Penncrest	N	N	Penncrest School District																											
Crawford	Titusville Area	Y	N	Titusville Area School District																											
Cumberland	Big Spring	N	N	Big Spring School District																											
Cumberland	Camp Hill	N	N	Camp Hill School District																											
Cumberland	Carlisle Area	N	N	Carlisle Area School District																											
Cumberland	Cumberland Perry Avts	N	N	Cumberland Perry Avts School District																											
Cumberland	Cumberland Valley	N	N	Cumberland Valley School District																											
Cumberland	East Pennsboro Area	N	N	East Pennsboro Area School District																											
Cumberland	Mechanicsburg Area	N	N	Mechanicsburg Area School District																											
Cumberland	South Middleton	N	N	South Middleton School District																											
Dauphin	Capital Area School For The Arts Charter School	N	N	Capital Area School For The Arts Charter School																											
Dauphin	Central Dauphin	N	N	Central Dauphin School District																											
Dauphin	Commonwealth Connections Academy Cs	N	N	Commonwealth Connections Academy Cs																											
Dauphin	Dauphin County Technical School	N	N	Dauphin County Technical School																											
Dauphin	Derry Township	N	N	Derry Township School District																											
Dauphin	Halifax Area	N	N	Halifax Area School District																											
Dauphin	Harrisburg City	Y	Y	Harrisburg City School District																											
Dauphin	Infinity Cs	N	N	Infinity Cs																											
Dauphin	Lower Dauphin	N	N	Lower Dauphin School District																											
Dauphin	Middletown Area	N	N	Middletown Area School District																											
Dauphin	Millersburg Area	N	N	Millersburg Area School District																											
Dauphin	Premier Arts And Science Charter School	N	N	Premier Arts And Science Charter School																											
Dauphin	Reach Cyber Cs	N	N	Reach Cyber Cs																											
Dauphin	Steelton-Highspire	Y	Y	Steelton-Highspire School District																											
Dauphin	Susquehanna Township	N	Y	Susquehanna Township School District																											
Dauphin	Sylvan Heights Science Cs	N	N	Sylvan Heights Science Cs																											
Dauphin	Upper Dauphin Area	N	N	Upper Dauphin Area School District																											
Dauphin	Williams Valley	N	N	Williams Valley School District																											
Delaware	Chester Community Cs	N	N	Chester Community Cs																											
Delaware	Chester Cs For The Arts	N	N	Chester Cs For The Arts School District																											
Delaware	Chester-Upland	Y	Y	Chester-Upland School District																											
Delaware	Chichester	N	Y	Chichester School District																											
Delaware	Delaware County Technical High School	N	N	Delaware County Technical High School																											
Delaware	Garnet Valley	N	N	Garnet Valley School District																											
Delaware	Haverford Township	N	N	Haverford Township School District																											
Delaware	Interboro	N	N	Interboro School District																											
Delaware	Marple Newtown	N	N	Marple Newtown School District																											
Delaware	Penn-Delco	N	N	Penn-Delco School District																											
Delaware	Radnor Township	N	N	Radnor Township School District																											
Delaware	Ridley	N	N	Ridley School District																											
Delaware	Rose Tree Media	N	N	Rose Tree Media School District																											
Delaware	Southeast Delco	Y	Y	Southeast Delco School District																											
Delaware	Springfield	N	N	Springfield School District																											
Delaware	Upper Darby	Y	Y	Upper Darby School District																											
Delaware	Vision Academy Charter School	N	N	Vision Academy Charter School																											
Delaware	Wallingford-Swarthmore	N	N	Wallingford-Swarthmore School District																											
Delaware	Widener Partnership Cs	N	N	Widener Partnership Cs																											
Delaware	William Penn	Y	Y	William Penn School District																											
Elk	Johnsonburg Area	N	N	Johnsonburg Area School District																											
Elk	Ridgway Area	N	N	Ridgway Area School District																											
Elk	Saint Marys Area	N	N	Saint Marys Area School District																											
Erie	Corry Area	Y	N	Corry Area School District																											
Erie	Erie City	Y	Y	Erie City School District																											
Erie	Erie County Technical School	N	N	Erie County Technical School																											
Erie	Erie Rise Leadership Academy Charter School	N	N	Erie Rise Leadership Academy Charter School																											
Erie	Fairview	N	N	Fairview School District																											
Erie	Fort Leboeuf	N	N	Fort Leboeuf School District																											
Erie	General Mclane	N	N	General Mclane School District																											
Erie	Girard	Y	N	Girard School District																											
Erie	Harbor Creek	N	N	Harbor Creek School District																											
Erie	Iroquois	N	N	Iroquois School District																											
Erie	Millcreek Township	N	N	Millcreek Township School District																											
Erie	Montessori Regional Cs	N	N	Montessori Regional Cs																											
Erie	North East	N	N	North East School District																											
Erie	Northwestern	Y	N	Northwestern School District																											
Erie	Perseus House Cs Of Excellence	N	N	Perseus House Cs Of Excellence																											
Erie	Robert Benjamin Wiley Community Cs	N	N	Robert Benjamin Wiley Community Cs																											
Erie	Union City Area	N	N	Union City Area School District																											
Erie	Wattsburg Area	N	N	Wattsburg Area School District																											
Fayette	Albert Gallatin Area	Y	N	Albert Gallatin Area School District																											
Fayette	Brownsville Area	Y	Y	Brownsville Area School District																											
Fayette	Connellsville Area	Y	N	Connellsville Area School District																											
Fayette	Connellsville Area Career & Technical Center	N	N	Connellsville Area Career & Technical Center																											
Fayette	Fayette County Career & Technical Institute	N	N	Fayette County Career & Technical Institute School District																											
Fayette	Frazier	N	N	Frazier School District																											
Fayette	Laurel Highlands	Y	N	Laurel Highlands School District																											
Fayette	Uniontown Area	Y	Y	Uniontown Area School District																											
Forest	Forest Area	N	Y	Forest Area School District																											
Franklin	Chambersburg Area	N	Y	Chambersburg Area School District																											
Franklin	Fannett-Metal	Y	N	Fannett-Metal School District																											
Franklin	Franklin County Career And Technical Center	N	N	Franklin County Career And Technical Center																											
Franklin	Greencastle-Antrim	N	N	Greencastle-Antrim School District																											
Franklin	Shippensburg Area	N	N	Shippensburg Area School District																											
Franklin	Tuscarora	N	N	Tuscarora School District																											
Franklin	Waynesboro Area	N	N	Waynesboro Area School District																											
Fulton	Central Fulton	N	N	Central Fulton School District																											
Fulton	Forbes Road	N	N	Forbes Road School District																											
Fulton	Fulton County Avts	N	N	Fulton County Avts School District																											
Fulton	Southern Fulton	N	N	Southern Fulton School District																											
Greene	Carmichaels Area	N	N	Carmichaels Area School District																											
Greene	Central Greene	N	N	Central Greene School District																											
Greene	Greene County Career And Technical Center	N	N	Greene County Career And Technical Center																											
Greene	Jefferson-Morgan	N	N	Jefferson-Morgan School District																											
Greene	Southeastern Greene	N	N	Southeastern Greene School District																											
Greene	West Greene	N	Y	West Greene School District																											
Huntingdon	Huntingdon Area	Y	N	Huntingdon Area School District																											
Huntingdon	Huntingdon County Career And Technical Center	N	N	Huntingdon County Career And Technical Center																											
Huntingdon	Juniata Valley	N	N	Juniata Valley School District																											
Huntingdon	Mount Union Area	Y	Y	Mount Union Area School District																											
Huntingdon	New Day Charter School	N	N	New Day Charter School																											
Huntingdon	Southern Huntingdon County	Y	Y	Southern Huntingdon County School District																											
Huntingdon	Stone Valley Community Cs	N	N	Stone Valley Community Cs																											
Indiana	Blairsville-Saltsburg	N	N	Blairsville-Saltsburg School District																											
Indiana	Homer-Center	N	N	Homer-Center School District																											
Indiana	Indiana Area	N	N	Indiana Area School District																											
Indiana	Indiana County Technology Center	N	N	Indiana County Technology Center																											
Indiana	Marion Center Area	N	N	Marion Center Area School District																											
Indiana	Penns Manor Area	N	Y	Penns Manor Area School District																											
Indiana	Purchase Line	N	Y	Purchase Line School District																											
Indiana	United	N	N	United School District																											
Jefferson	Brockway Area	N	N	Brockway Area School District																											
Jefferson	Brookville Area	N	N	Brookville Area School District																											
Jefferson	Jefferson County-Dubois Avts	N	N	Jefferson County-Dubois Avts School District																											
Jefferson	Punxsutawney Area	Y	N	Punxsutawney Area School District																											
Juniata	Juniata County	N	Y	Juniata County School District																											
Lackawanna	Abington Heights	N	N	Abington Heights School District																											
Lackawanna	Carbondale Area	Y	Y	Carbondale Area School District																											
Lackawanna	Career And Technical Center Of Lackawanna County	N	N	Career And Technical Center Of Lackawanna County																											
Lackawanna	Dunmore	N	Y	Dunmore School District																											
Lackawanna	Fell Cs	N	N	Fell Cs																											
Lackawanna	Howard Gardner Multiple Intelligence Cs	N	N	Howard Gardner Multiple Intelligence Cs																											
Lackawanna	Lakeland	N	N	Lakeland School District																											
Lackawanna	Mid Valley	Y	N	Mid Valley School District																											
Lackawanna	North Pocono	N	N	North Pocono School District																											
Lackawanna	Old Forge	N	N	Old Forge School District																											
Lackawanna	Riverside	N	N	Riverside School District																											
Lackawanna	Scranton	Y	Y	Scranton School District																											
Lackawanna	Valley View	N	N	Valley View School District																											
Lancaster	Cocalico	N	N	Cocalico School District																											
Lancaster	Columbia Borough	Y	Y	Columbia Borough School District																											
Lancaster	Conestoga Valley	N	N	Conestoga Valley School District																											
Lancaster	Donegal	N	N	Donegal School District																											
Lancaster	Eastern Lancaster County	N	N	Eastern Lancaster County School District																											
Lancaster	Elizabethtown Area	N	N	Elizabethtown Area School District																											
Lancaster	Ephrata Area	Y	N	Ephrata Area School District																											
Lancaster	Hempfield	N	N	Hempfield School District																											
Lancaster	La Academia Partnership Charter School	N	N	La Academia Partnership Charter School																											
Lancaster	Lampeter-Strasburg	N	N	Lampeter-Strasburg School District																											
Lancaster	Lancaster	Y	Y	Lancaster School District																											
Lancaster	Lancaster County Academy	N	N	Lancaster County Academy																											
Lancaster	Lancaster County Career And Technical Center	N	N	Lancaster County Career And Technical Center																											
Lancaster	Manheim Central	N	N	Manheim Central School District																											
Lancaster	Manheim Township	N	N	Manheim Township School District																											
Lancaster	Penn Manor	N	N	Penn Manor School District																											
Lancaster	Pequea Valley	N	N	Pequea Valley School District																											
Lancaster	Solanco	N	N	Solanco School District																											
Lancaster	Warwick	N	N	Warwick School District																											
Lawrence	Ellwood City Area	N	N	Ellwood City Area School District																											
Lawrence	Laurel	N	N	Laurel School District																											
Lawrence	Lawrence County Career And Technical Center	N	N	Lawrence County Career And Technical Center																											
Lawrence	Mohawk Area	N	N	Mohawk Area School District																											
Lawrence	Neshannock Township	N	N	Neshannock Township School District																											
Lawrence	New Castle Area	Y	Y	New Castle Area School District																											
Lawrence	Shenango Area	N	N	Shenango Area School District																											
Lawrence	Union Area	N	N	Union Area School District																											
Lawrence	Wilmington Area	N	N	Wilmington Area School District																											
Lebanon	Annville-Cleona	N	N	Annville-Cleona School District																											
Lebanon	Cornwall-Lebanon	N	N	Cornwall-Lebanon School District																											
Lebanon	Eastern Lebanon County	N	N	Eastern Lebanon County School District																											
Lebanon	Lebanon	Y	Y	Lebanon School District																											
Lebanon	Lebanon County Career And Technical Center	N	N	Lebanon County Career And Technical Center																											
Lebanon	Northern Lebanon	N	N	Northern Lebanon School District																											
Lebanon	Palmyra Area	N	N	Palmyra Area School District																											
Lehigh	Allentown City	Y	Y	Allentown City School District																											
Lehigh	Arts Academy Cs	N	N	Arts Academy Cs																											
Lehigh	Arts Academy Elementary Charter School	N	N	Arts Academy Elementary Charter School																											
Lehigh	Catasauqua Area	N	N	Catasauqua Area School District																											
Lehigh	Circle Of Seasons Charter School	N	N	Circle Of Seasons Charter School																											
Lehigh	East Penn	N	N	East Penn School District																											
Lehigh	Executive Education Academy Charter School	N	N	Executive Education Academy Charter School																											
Lehigh	Innovative Arts Academy Cs	N	N	Innovative Arts Academy Cs																											
Lehigh	Lehigh Career & Technical Institute	N	N	Lehigh Career & Technical Institute School District																											
Lehigh	Lincoln Leadership Academy Charter School	N	N	Lincoln Leadership Academy Charter School																											
Lehigh	Medical Academy Cs	N	N	Medical Academy Cs																											
Lehigh	Northern Lehigh	N	N	Northern Lehigh School District																											
Lehigh	Northwestern Lehigh	N	N	Northwestern Lehigh School District																											
Lehigh	Parkland	N	N	Parkland School District																											
Lehigh	Roberto Clemente Cs	N	N	Roberto Clemente Cs																											
Lehigh	ROBERTO CLEMENTE ELEMENTARY CHARTER SCHOOL	N	N	ROBERTO CLEMENTE ELEMENTARY CHARTER SCHOOL																											
Lehigh	Salisbury Township	N	N	Salisbury Township School District																											
Lehigh	Seven Generations Charter School	N	N	Seven Generations Charter School																											
Lehigh	Southern Lehigh	N	N	Southern Lehigh School District																											
Lehigh	Whitehall-Coplay	N	N	Whitehall-Coplay School District																											
Luzerne	Bear Creek Community Cs	N	N	Bear Creek Community Cs																											
Luzerne	Berwick Area	N	N	Berwick Area School District																											
Luzerne	Crestwood	N	N	Crestwood School District																											
Luzerne	Dallas	N	N	Dallas School District																											
Luzerne	Greater Nanticoke Area	Y	N	Greater Nanticoke Area School District																											
Luzerne	Hanover Area	Y	Y	Hanover Area School District																											
Luzerne	Hazleton Area	Y	Y	Hazleton Area School District																											
Luzerne	Hazleton Area Career Center	N	N	Hazleton Area Career Center																											
Luzerne	Lake-Lehman	N	N	Lake-Lehman School District																											
Luzerne	Northwest Area	Y	N	Northwest Area School District																											
Luzerne	Pittston Area	N	N	Pittston Area School District																											
Luzerne	West Side Career And Technical Center	N	N	West Side Career And Technical Center																											
Luzerne	Wilkes-Barre Area	Y	Y	Wilkes-Barre Area School District																											
Luzerne	Wilkes-Barre Area Career And Technical Center	N	N	Wilkes-Barre Area Career And Technical Center																											
Luzerne	Wyoming Area	Y	N	Wyoming Area School District																											
Luzerne	Wyoming Valley West	N	Y	Wyoming Valley West School District																											
Lycoming	East Lycoming	N	N	East Lycoming School District																											
Lycoming	Jersey Shore Area	N	N	Jersey Shore Area School District																											
Lycoming	Loyalsock Township	N	N	Loyalsock Township School District																											
Lycoming	Lycoming Career And Technical Center	N	N	Lycoming Career And Technical Center																											
Lycoming	Montgomery Area	N	N	Montgomery Area School District																											
Lycoming	Montoursville Area	N	N	Montoursville Area School District																											
Lycoming	Muncy	N	N	Muncy School District																											
Lycoming	South Williamsport Area	N	N	South Williamsport Area School District																											
Lycoming	Williamsport Area	Y	N	Williamsport Area School District																											
McKean	Bradford Area	N	N	Bradford Area School District																											
McKean	Kane Area	Y	N	Kane Area School District																											
McKean	Otto-Eldred	N	N	Otto-Eldred School District																											
McKean	Port Allegany	N	Y	Port Allegany School District																											
McKean	Seneca Highlands Career And Technical Center	N	N	Seneca Highlands Career And Technical Center																											
McKean	Smethport Area	N	N	Smethport Area School District																											
Mercer	Commodore Perry	N	N	Commodore Perry School District																											
Mercer	Farrell Area	Y	Y	Farrell Area School District																											
Mercer	Greenville Area	Y	N	Greenville Area School District																											
Mercer	Grove City Area	N	N	Grove City Area School District																											
Mercer	Hermitage	N	N	Hermitage School District																											
Mercer	Jamestown Area	N	N	Jamestown Area School District																											
Mercer	Keystone Education Center Cs	N	N	Keystone Education Center Cs																											
Mercer	Lakeview	N	N	Lakeview School District																											
Mercer	Mercer Area	Y	N	Mercer Area School District																											
Mercer	Mercer County Career Center	N	N	Mercer County Career Center																											
Mercer	Reynolds	N	N	Reynolds School District																											
Mercer	Sharon City	Y	Y	Sharon City School District																											
Mercer	Sharpsville Area	N	N	Sharpsville Area School District																											
Mercer	West Middlesex Area	N	N	West Middlesex Area School District																											
Mifflin	Mifflin County	N	N	Mifflin County School District																											
Mifflin	Mifflin County Academy Of Science And Technology	N	N	Mifflin County Academy Of Science And Technology																											
Monroe	East Stroudsburg Area	N	N	East Stroudsburg Area School District																											
Monroe	Evergreen Community Cs	N	N	Evergreen Community Cs																											
Monroe	Monroe Career & Technical Institute	N	N	Monroe Career & Technical Institute																											
Monroe	Pleasant Valley	N	N	Pleasant Valley School District																											
Monroe	Pocono Mountain	N	Y	Pocono Mountain School District																											
Monroe	Stroudsburg Area	N	N	Stroudsburg Area School District																											
Montgomery	Abington	N	N	Abington School District																											
Montgomery	Agora Cyber Cs	N	N	Agora Cyber Cs																											
Montgomery	Central Montco Technical High School	N	N	Central Montco Technical High School																											
Montgomery	Cheltenham Township	N	N	Cheltenham Township School District																											
Montgomery	Colonial	N	N	Colonial School District																											
Montgomery	Eastern Center For Arts & Technology	N	N	Eastern Center For Arts & Technology																											
Montgomery	Hatboro-Horsham	N	N	Hatboro-Horsham School District																											
Montgomery	Jenkintown	N	N	Jenkintown School District																											
Montgomery	Lower Merion	N	N	Lower Merion School District																											
Montgomery	Lower Moreland Township	N	N	Lower Moreland Township School District																											
Montgomery	Methacton	N	N	Methacton School District																											
Montgomery	Norristown Area	Y	Y	Norristown Area School District																											
Montgomery	North Montco Technical Career Center	N	N	North Montco Technical Career Center																											
Montgomery	North Penn	N	N	North Penn School District																											
Montgomery	Pennsylvania Virtual Charter School	N	N	Pennsylvania Virtual Charter School																											
Montgomery	Perkiomen Valley	N	N	Perkiomen Valley School District																											
Montgomery	Pottsgrove	N	N	Pottsgrove School District																											
Montgomery	Pottstown	Y	Y	Pottstown School District																											
Montgomery	Souderton Area	N	N	Souderton Area School District																											
Montgomery	Souderton Cs Collaborative	N	N	Souderton Cs Collaborative																											
Montgomery	Spring-Ford Area	N	N	Spring-Ford Area School District																											
Montgomery	Springfield Township	N	N	Springfield Township School District																											
Montgomery	Upper Dublin	N	N	Upper Dublin School District																											
Montgomery	Upper Merion Area	N	N	Upper Merion Area School District																											
Montgomery	Upper Moreland Township	N	N	Upper Moreland Township School District																											
Montgomery	Upper Perkiomen	N	N	Upper Perkiomen School District																											
Montgomery	Western Montgomery Career And Technical Center	N	N	Western Montgomery Career And Technical Center																											
Montgomery	Wissahickon	N	N	Wissahickon School District																											
Montour	Danville Area	N	N	Danville Area School District																											
Montour	Danville Ctr Adolescent Female	N	N	Danville Ctr Adolescent Female																											
Montour	North Central Secure Trmnt Unt	N	N	North Central Secure Trmnt Unt																											
Northampton	Bangor Area	N	N	Bangor Area School District																											
Northampton	Bethlehem Area	Y	Y	Bethlehem Area School District																											
Northampton	Bethlehem Avts	N	N	Bethlehem Avts School District																											
Northampton	Career Institute Of Technology	N	N	Career Institute Of Technology School District																											
Northampton	Easton Area	N	Y	Easton Area School District																											
Northampton	Easton Arts Academy Elementary Charter School	N	N	Easton Arts Academy Elementary Charter School																											
Northampton	Lehigh Valley Academy Regional Cs	N	N	Lehigh Valley Academy Regional Cs																											
Northampton	Lehigh Valley Charter High School For The Arts	N	N	Lehigh Valley Charter High School For The Arts																											
Northampton	Lehigh Valley Dual Language Charter School	N	N	Lehigh Valley Dual Language Charter School																											
Northampton	Nazareth Area	N	N	Nazareth Area School District																											
Northampton	Northampton Area	N	N	Northampton Area School District																											
Northampton	Pen Argyl Area	N	N	Pen Argyl Area School District																											
Northampton	Saucon Valley	N	N	Saucon Valley School District																											
Northampton	Wilson Area	N	N	Wilson Area School District																											
Northumberland	Line Mountain	N	N	Line Mountain School District																											
Northumberland	Milton Area	N	N	Milton Area School District																											
Northumberland	Mount Carmel Area	Y	N	Mount Carmel Area School District																											
Northumberland	Northumberland County Career And Technical Center	N	N	Northumberland County Career And Technical Center																											
Northumberland	Shamokin Area	Y	N	Shamokin Area School District																											
Northumberland	Shikellamy	N	N	Shikellamy School District																											
Northumberland	Warrior Run	N	N	Warrior Run School District																											
Perry	Greenwood	N	N	Greenwood School District																											
Perry	Newport	N	N	Newport School District																											
Perry	Susquenita	N	N	Susquenita School District																											
Perry	West Perry	N	N	West Perry School District																											
Philadelphia	Ad Prima Cs	N	N	Ad Prima Cs																											
Philadelphia	Alliance For Progress Cs	N	N	Alliance For Progress Cs																											
Philadelphia	Antonia Pantoja Community Charter School	N	N	Antonia Pantoja Community Charter School																											
Philadelphia	Arise Academy Charter High School	N	N	Arise Academy Charter High School																											
Philadelphia	Aspira Bilingual Cyber Charter School	N	N	Aspira Bilingual Cyber Charter School																											
Philadelphia	Belmont Charter School	N	N	Belmont Charter School																											
Philadelphia	Birney Preparatory Academy	N	N	Birney Preparatory Academy																											
Philadelphia	Boys Latin Of Philadelphia Cs	N	N	Boys Latin Of Philadelphia Cs																											
Philadelphia	Christopher Columbus Cs	N	N	Christopher Columbus Cs																											
Philadelphia	Community Academy Of Philadelphia Cs	N	N	Community Academy Of Philadelphia Cs																											
Philadelphia	Deep Roots Charter School	N	N	Deep Roots Charter School																											
Philadelphia	Delaware Valley Chs	N	N	Delaware Valley Chs																											
Philadelphia	Discovery Charter School	N	N	Discovery Charter School																											
Philadelphia	Esperanza Academy Charter High School	N	N	Esperanza Academy Charter High School																											
Philadelphia	Esperanza Cyber Cs	N	N	Esperanza Cyber Cs																											
Philadelphia	Eugenio Maria De Hostos Cs	N	N	Eugenio Maria De Hostos Cs																											
Philadelphia	First Philadelphia Preparatory Charter School	N	N	First Philadelphia Preparatory Charter School																											
Philadelphia	Folk Arts-Cultural Treasures Cs	N	N	Folk Arts-Cultural Treasures Cs																											
Philadelphia	Franklin Towne Charter Elementary School	N	N	Franklin Towne Charter Elementary School																											
Philadelphia	Franklin Towne Chs	N	N	Franklin Towne Chs																											
Philadelphia	Freire Cs	N	N	Freire Cs																											
Philadelphia	Global Leadership Academy Cs	N	N	Global Leadership Academy Cs																											
Philadelphia	Global Leadership Academy Cs Southwest At Huey	N	N	Global Leadership Academy Cs Southwest At Huey																											
Philadelphia	Green Woods Cs	N	N	Green Woods Cs																											
Philadelphia	Hardy Williams Academy Cs	N	N	Hardy Williams Academy Cs																											
Philadelphia	Imani Education Circle Cs	N	N	Imani Education Circle Cs																											
Philadelphia	Imhotep Institute Chs	N	N	Imhotep Institute Chs																											
Philadelphia	Independence Charter School	N	N	Independence Charter School																											
Philadelphia	Independence Cs West	N	N	Independence Cs West																											
Philadelphia	Inquiry Charter School	N	N	Inquiry Charter School																											
Philadelphia	John B Stetson Charter School	N	N	John B Stetson Charter School																											
Philadelphia	Khepera Cs	N	N	Khepera Cs																											
Philadelphia	KIPP DuBois Charter School	N	N	KIPP DuBois Charter School																											
Philadelphia	KIPP North Philadelphia Charter School	N	N	KIPP North Philadelphia Charter School																											
Philadelphia	KIPP Philadelphia Charter School	N	N	KIPP Philadelphia Charter School																											
Philadelphia	KIPP West Philadelphia Cs	N	N	KIPP West Philadelphia Cs																											
Philadelphia	Laboratory Cs	N	N	Laboratory Cs																											
Philadelphia	Mariana Bracetti Academy Cs	N	N	Mariana Bracetti Academy Cs																											
Philadelphia	Maritime Academy Charter School	N	N	Maritime Academy Charter School																											
Philadelphia	Mast Community Charter School	N	N	Mast Community Charter School																											
Philadelphia	Mast Community Cs Ii	N	N	Mast Community Cs Ii																											
Philadelphia	Mastery Charter High School	N	N	Mastery Charter High School																											
Philadelphia	Mastery Cs - Cleveland Elementary	N	N	Mastery Cs - Cleveland Elementary																											
Philadelphia	Mastery Cs - Francis D. Pastorius Elementary	N	N	Mastery Cs - Francis D. Pastorius Elementary																											
Philadelphia	Mastery Cs John Wister Elementary	N	N	Mastery Cs John Wister Elementary																											
Philadelphia	Mastery Cs-Clymer Elementary	N	N	Mastery Cs-Clymer Elementary																											
Philadelphia	Mastery Cs-Gratz Campus	N	N	Mastery Cs-Gratz Campus																											
Philadelphia	Mastery Cs-Harrity Campus	N	N	Mastery Cs-Harrity Campus																											
Philadelphia	Mastery Cs-Mann Campus	N	N	Mastery Cs-Mann Campus																											
Philadelphia	Mastery Cs-Pickett Campus	N	N	Mastery Cs-Pickett Campus																											
Philadelphia	Mastery Cs-Shoemaker Campus	N	N	Mastery Cs-Shoemaker Campus																											
Philadelphia	Mastery Cs-Smedley Campus	N	N	Mastery Cs-Smedley Campus																											
Philadelphia	Mastery Cs-Thomas Campus	N	N	Mastery Cs-Thomas Campus																											
Philadelphia	Mastery Prep Elementary Charter School	N	N	Mastery Prep Elementary Charter School																											
Philadelphia	Math Civics And Sciences Cs	N	N	Math Civics And Sciences Cs																											
Philadelphia	Memphis Street Academy Cs @ Jp Jones	N	N	Memphis Street Academy Cs @ Jp Jones																											
Philadelphia	Multi-Cultural Academy Cs	N	N	Multi-Cultural Academy Cs																											
Philadelphia	New Foundations Cs	N	N	New Foundations Cs																											
Philadelphia	New Media Technology Cs	N	N	New Media Technology Cs																											
Philadelphia	Northwood Academy Cs	N	N	Northwood Academy Cs																											
Philadelphia	Olney Charter High School	N	N	Olney Charter High School																											
Philadelphia	Pan American Academy Cs	N	N	Pan American Academy Cs																											
Philadelphia	People For People Cs	N	N	People For People Cs																											
Philadelphia	Philadelphia Academy Cs	N	N	Philadelphia Academy Cs																											
Philadelphia	Philadelphia City	Y	Y	Philadelphia City School District																											
Philadelphia	Philadelphia Electrical & Technical Chs	N	N	Philadelphia Electrical & Technical Chs																											
Philadelphia	Philadelphia Harambee Institute Cs	N	N	Philadelphia Harambee Institute Cs																											
Philadelphia	Philadelphia Montessori Cs	N	N	Philadelphia Montessori Cs																											
Philadelphia	Philadelphia Performing Arts Cs	N	N	Philadelphia Performing Arts Cs																											
Philadelphia	Planet Abacus Cs	N	N	Planet Abacus Cs																											
Philadelphia	Preparatory Cs Of Mathematics Science Technical And Careers	N	N	Preparatory Cs Of Mathematics Science Technical And Careers																											
Philadelphia	Renaissance Charter School	N	N	Renaissance Charter School																											
Philadelphia	Richard Allen Preparatory Cs	N	N	Richard Allen Preparatory Cs																											
Philadelphia	Russell Byers Cs	N	N	Russell Byers Cs																											
Philadelphia	Sankofa Freedom Academy Charter School	N	N	Sankofa Freedom Academy Charter School																											
Philadelphia	Southwest Leadership Academy Cs	N	N	Southwest Leadership Academy Cs																											
Philadelphia	Tacony Academy Charter School	N	N	Tacony Academy Charter School																											
Philadelphia	Technical Freire Cs	N	N	Technical Freire Cs																											
Philadelphia	The Philadelphia Cs For Arts And Sciences At Hr Edmunds	N	N	The Philadelphia Cs For Arts And Sciences At Hr Edmunds																											
Philadelphia	Truebright Science Academy Cs	N	N	Truebright Science Academy Cs																											
Philadelphia	Universal Alcorn Cs	N	N	Universal Alcorn Cs																											
Philadelphia	Universal Audenried Charter School	N	N	Universal Audenried Charter School																											
Philadelphia	Universal Bluford Charter School	N	N	Universal Bluford Charter School																											
Philadelphia	Universal Creighton Charter School	N	N	Universal Creighton Charter School																											
Philadelphia	Universal Daroff Charter School	N	N	Universal Daroff Charter School																											
Philadelphia	Universal Institute Cs	N	N	Universal Institute Cs																											
Philadelphia	Universal Vare Charter School	N	N	Universal Vare Charter School																											
Philadelphia	Wakisha Cs	N	N	Wakisha Cs																											
Philadelphia	Walter D Palmer Leadership Learning Partners Cs	N	N	Walter D Palmer Leadership Learning Partners Cs																											
Philadelphia	West Oak Lane Cs	N	N	West Oak Lane Cs																											
Philadelphia	West Phila. Achievement Ces	N	N	West Phila. Achievement Ces																											
Philadelphia	Wissahickon Cs	N	N	Wissahickon Cs																											
Philadelphia	World Communications Cs	N	N	World Communications Cs																											
Philadelphia	Young Scholars Cs	N	N	Young Scholars Cs																											
Philadelphia	Young Scholars Frederick Douglas Charter School	N	N	Young Scholars Frederick Douglas Charter School																											
Philadelphia	Young Scholars Kenderton Cs	N	N	Young Scholars Kenderton Cs																											
Philadelphia	Youth Build Phila Cs	N	N	Youth Build Phila Cs																											
Pike	Delaware Valley	N	N	Delaware Valley School District																											
Pike	Wallenpaupack Area	N	N	Wallenpaupack Area School District																											
Potter	Austin Area	N	N	Austin Area School District																											
Potter	Coudersport Area	N	N	Coudersport Area School District																											
Potter	Galeton Area	N	N	Galeton Area School District																											
Potter	Northern Potter	N	N	Northern Potter School District																											
Potter	Oswayo Valley	N	N	Oswayo Valley School District																											
Schuylkill	Blue Mountain	N	N	Blue Mountain School District																											
Schuylkill	Gillingham Charter School	N	N	Gillingham Charter School																											
Schuylkill	Mahanoy Area	Y	Y	Mahanoy Area School District																											
Schuylkill	Minersville Area	Y	Y	Minersville Area School District																											
Schuylkill	North Schuylkill	Y	N	North Schuylkill School District																											
Schuylkill	Pine Grove Area	N	N	Pine Grove Area School District																											
Schuylkill	Pottsville Area	Y	N	Pottsville Area School District																											
Schuylkill	Saint Clair Area	Y	N	Saint Clair Area School District																											
Schuylkill	Schuylkill Haven Area	N	N	Schuylkill Haven Area School District																											
Schuylkill	Schuylkill Technology Centers	N	N	Schuylkill Technology Centers																											
Schuylkill	Shenandoah Valley	Y	Y	Shenandoah Valley School District																											
Schuylkill	Tamaqua Area	Y	N	Tamaqua Area School District																											
Schuylkill	Tri-Valley	N	Y	Tri-Valley School District																											
Schuylkill	Willams Valley	N	Y																												
Snyder	Midd-West	N	N	Midd-West School District																											
Snyder	Selinsgrove Area	N	N	Selinsgrove Area School District																											
Somerset	Berlin Brothersvalley	N	N	Berlin Brothersvalley School District																											
Somerset	Conemaugh Township Area	N	N	Conemaugh Township Area School District																											
Somerset	Meyersdale Area	N	N	Meyersdale Area School District																											
Somerset	North Star	N	N	North Star School District																											
Somerset	Rockwood Area	N	N	Rockwood Area School District																											
Somerset	Salisbury-Elk Lick	N	Y	Salisbury-Elk Lick School District																											
Somerset	Shade-Central City	N	N	Shade-Central City School District																											
Somerset	Shanksville-Stonycreek	N	N	Shanksville-Stonycreek School District																											
Somerset	Somerset Area	N	N	Somerset Area School District																											
Somerset	Somerset County Technology Center	N	N	Somerset County Technology Center																											
Somerset	Turkeyfoot Valley Area	N	Y	Turkeyfoot Valley Area School District																											
Somerset	Windber Area	N	N	Windber Area School District																											
Sullivan	Sullivan County	N	N	Sullivan County School District																											
Susquehanna	Blue Ridge	N	N	Blue Ridge School District																											
Susquehanna	Elk Lake	N	N	Elk Lake School District																											
Susquehanna	Forest City Regional	N	N	Forest City Regional School District																											
Susquehanna	Montrose Area	N	N	Montrose Area School District																											
Susquehanna	Mountain View	N	N	Mountain View School District																											
Susquehanna	Susquehanna Community	N	N	Susquehanna Community School District																											
Susquehanna	Susquehanna County Career And Technical Center	N	N	Susquehanna County Career And Technical Center																											
Tioga	Northern Tioga	N	N	Northern Tioga School District																											
Tioga	Southern Tioga	N	N	Southern Tioga School District																											
Tioga	Wellsboro Area	N	N	Wellsboro Area School District																											
Union	Lewisburg Area	N	N	Lewisburg Area School District																											
Union	Mifflinburg Area	N	N	Mifflinburg Area School District																											
Union	Sun Area Technical Institute	N	N	Sun Area Technical Institute School District																											
Venango	Cranberry Area	N	N	Cranberry Area School District																											
Venango	Franklin Area	Y	Y	Franklin Area School District																											
Venango	Oil City Area	Y	N	Oil City Area School District																											
Venango	Valley Grove	N	N	Valley Grove School District																											
Venango	Venango Technology Center	N	N	Venango Technology Center																											
Warren	Tidioute Community Cs	N	N	Tidioute Community Cs																											
Warren	Warren County	N	Y	Warren County School District																											
Warren	Warren County Avts	N	N	Warren County Avts School District																											
Washington	Avella Area	N	N	Avella Area School District																											
Washington	Bentworth	N	N	Bentworth School District																											
Washington	Bethlehem-Center	N	N	Bethlehem-Center School District																											
Washington	Burgettstown Area	N	N	Burgettstown Area School District																											
Washington	California Area	N	N	California Area School District																											
Washington	Canon-Mcmillan	N	N	Canon-Mcmillan School District																											
Washington	Charleroi	Y	N	Charleroi School District																											
Washington	Chartiers-Houston	N	N	Chartiers-Houston School District																											
Washington	Fort Cherry	N	N	Fort Cherry School District																											
Washington	Mcguffey	N	N	Mcguffey School District																											
Washington	Mon Valley Career And Technical Center	N	N	Mon Valley Career And Technical Center																											
Washington	Peters Township	N	N	Peters Township School District																											
Washington	Ringgold	Y	N	Ringgold School District																											
Washington	Trinity Area	N	N	Trinity Area School District																											
Washington	Washington	Y	N	Washington School District																											
Washington	Western Area Career And Technical Center	N	N	Western Area Career And Technical Center																											
Wayne	Wayne Highlands	N	N	Wayne Highlands School District																											
Wayne	Western Wayne	N	N	Western Wayne School District																											
Westmoreland	Belle Vernon Area	N	N	Belle Vernon Area School District																											
Westmoreland	Burrell	N	N	Burrell School District																											
Westmoreland	Central Westmoreland Career And Technical Center	N	N	Central Westmoreland Career And Technical Center																											
Westmoreland	Derry Area	N	N	Derry Area School District																											
Westmoreland	Dr Robert Ketterer Cs Inc.	N	N	Dr Robert Ketterer Cs Inc.																											
Westmoreland	Eastern Westmoreland Career And Technical Center	N	N	Eastern Westmoreland Career And Technical Center																											
Westmoreland	Franklin Regional	N	N	Franklin Regional School District																											
Westmoreland	Greater Latrobe	N	N	Greater Latrobe School District																											
Westmoreland	Greensburg Salem	Y	N	Greensburg Salem School District																											
Westmoreland	Hempfield Area	N	N	Hempfield Area School District																											
Westmoreland	Jeannette City	Y	N	Jeannette City School District																											
Westmoreland	Kiski Area	N	N	Kiski Area School District																											
Westmoreland	Ligonier Valley	N	N	Ligonier Valley School District																											
Westmoreland	Monessen City	Y	Y	Monessen City School District																											
Westmoreland	Mount Pleasant Area	N	N	Mount Pleasant Area School District																											
Westmoreland	New Kensington-Arnold	Y	Y	New Kensington-Arnold School District																											
Westmoreland	Northern Westmoreland Career And Technical Center	N	N	Northern Westmoreland Career And Technical Center																											
Westmoreland	Norwin	N	N	Norwin School District																											
Westmoreland	Penn-Trafford	N	N	Penn-Trafford School District																											
Westmoreland	Southmoreland	N	N	Southmoreland School District																											
Westmoreland	Yough	N	N	Yough School District																											
Wyoming	Lackawanna Trail	N	N	Lackawanna Trail School District																											
Wyoming	Tunkhannock Area	N	N	Tunkhannock Area School District																											
York	Central York	N	N	Central York School District																											
York	Crispus Attucks Youthbuild Cs	N	N	Crispus Attucks Youthbuild Cs																											
York	Dallastown Area	N	N	Dallastown Area School District																											
York	Dover Area	N	N	Dover Area School District																											
York	Eastern York	N	N	Eastern York School District																											
York	Hanover Public	N	N	Hanover Public School District																											
York	Helen Thackston Charter School	N	N	Helen Thackston Charter School																											
York	Lincoln Cs	N	N	Lincoln Cs																											
York	Northeastern York	N	N	Northeastern York School District																											
York	Northern York County	N	N	Northern York County School District																											
York	Red Lion Area	N	N	Red Lion Area School District																											
York	South Eastern	N	N	South Eastern School District																											
York	South Western	N	N	South Western School District																											
York	Southern York County	N	N	Southern York County School District																											
York	Spring Grove Area	N	N	Spring Grove Area School District																											
York	West Shore	N	N	West Shore School District																											
York	West York Area	N	N	West York Area School District																											
York	York Academy Regional Charter School	N	N	York Academy Regional Charter School																											
York	York City	Y	Y	York City School District																											
York	York County School Of Technology	N	N	York County School Of Technology																											
York	York Suburban	N	N	York Suburban School District																											